what,kind,bundleId,bundleVersion,description,time
error,log,,,"Unhandled event loop exception",1367679004906
deactivated,workbench,org.eclipse.ui.workbench,3.7.0.I20110519-0100,"",1367679025031
activated,workbench,org.eclipse.ui.workbench,3.7.0.I20110519-0100,"",1367679025171
executed,command,org.eclipse.jdt.ui,3.7.1.r371_v20110824-0800,"org.eclipse.jdt.ui.edit.text.java.format",1367679101890
deactivated,workbench,org.eclipse.ui.workbench,3.7.0.I20110519-0100,"",1367679130796
activated,workbench,org.eclipse.ui.workbench,3.7.0.I20110519-0100,"",1367679147031
executed,command,org.eclipse.ui,3.7.0.I20110602-0100,"org.eclipse.ui.edit.paste",1367679149328
executed,command,org.eclipse.ui,3.7.0.I20110602-0100,"org.eclipse.ui.edit.delete",1367679160703
deactivated,workbench,org.eclipse.ui.workbench,3.7.0.I20110519-0100,"",1367679182578
activated,workbench,org.eclipse.ui.workbench,3.7.0.I20110519-0100,"",1367679182703
executed,command,org.eclipse.ui.workbench.texteditor,3.7.0.v20110505-0800,"org.eclipse.ui.edit.text.goto.lineEnd",1367679199609
executed,command,org.eclipse.ui,3.7.0.I20110602-0100,"org.eclipse.ui.edit.copy",1367679230640
executed,command,org.eclipse.ui,3.7.0.I20110602-0100,"org.eclipse.ui.edit.paste",1367679232296
executed,command,org.eclipse.ui.workbench.texteditor,3.7.0.v20110505-0800,"org.eclipse.ui.edit.text.goto.lineEnd",1367679244031
executed,command,org.eclipse.ui,3.7.0.I20110602-0100,"org.eclipse.ui.edit.copy",1367679262015
executed,command,org.eclipse.ui,3.7.0.I20110602-0100,"org.eclipse.ui.edit.paste",1367679263859
executed,command,org.eclipse.ui.workbench.texteditor,3.7.0.v20110505-0800,"org.eclipse.ui.edit.text.goto.lineEnd",1367679269296
executed,command,org.eclipse.ui,3.7.0.I20110602-0100,"org.eclipse.ui.edit.delete",1367679270703
executed,command,org.eclipse.jdt.ui,3.7.1.r371_v20110824-0800,"org.eclipse.jdt.ui.edit.text.java.format",1367679272125
executed,command,org.eclipse.ui,3.7.0.I20110602-0100,"org.eclipse.ui.file.save",1367679274203
deactivated,workbench,org.eclipse.ui.workbench,3.7.0.I20110519-0100,"",1367679275843
activated,workbench,org.eclipse.ui.workbench,3.7.0.I20110519-0100,"",1367679361109
executed,command,org.eclipse.ui,3.7.0.I20110602-0100,"org.eclipse.ui.edit.copy",1367679371046
executed,command,org.eclipse.ui,3.7.0.I20110602-0100,"org.eclipse.ui.edit.paste",1367679375140
executed,command,org.eclipse.ui.workbench.texteditor,3.7.0.v20110505-0800,"org.eclipse.ui.edit.text.goto.lineEnd",1367679379890
executed,command,org.eclipse.ui,3.7.0.I20110602-0100,"org.eclipse.ui.edit.delete",1367679381140
executed,command,org.eclipse.ui,3.7.0.I20110602-0100,"org.eclipse.ui.file.save",1367679382484
executed,command,org.eclipse.jdt.ui,3.7.1.r371_v20110824-0800,"org.eclipse.jdt.ui.edit.text.java.format",1367679383562
executed,command,org.eclipse.ui,3.7.0.I20110602-0100,"org.eclipse.ui.file.save",1367679384328
deactivated,workbench,org.eclipse.ui.workbench,3.7.0.I20110519-0100,"",1367679387500
activated,workbench,org.eclipse.ui.workbench,3.7.0.I20110519-0100,"",1367679402484
started,bundle,org.eclipse.mylyn.ide.ui,3.6.0.v20110608-1400,"org.eclipse.mylyn.ide.ui",1367679410218
started,bundle,org.eclipse.mylyn.java.ui,3.6.0.v20110608-1400,"org.eclipse.mylyn.java.ui",1367679410250
deactivated,workbench,org.eclipse.ui.workbench,3.7.0.I20110519-0100,"",1367679445031
activated,workbench,org.eclipse.ui.workbench,3.7.0.I20110519-0100,"",1367679471890
deactivated,workbench,org.eclipse.ui.workbench,3.7.0.I20110519-0100,"",1367679477000
activated,workbench,org.eclipse.ui.workbench,3.7.0.I20110519-0100,"",1367679477015
deactivated,workbench,org.eclipse.ui.workbench,3.7.0.I20110519-0100,"",1367679477109
activated,workbench,org.eclipse.ui.workbench,3.7.0.I20110519-0100,"",1367679540984
executed,command,org.eclipse.ui,3.7.0.I20110602-0100,"org.eclipse.ui.file.save",1367679546640
executed,command,org.eclipse.jdt.ui,3.7.1.r371_v20110824-0800,"org.eclipse.jdt.ui.edit.text.java.format",1367679548515
executed,command,org.eclipse.ui,3.7.0.I20110602-0100,"org.eclipse.ui.file.save",1367679549421
deactivated,workbench,org.eclipse.ui.workbench,3.7.0.I20110519-0100,"",1367679552546
activated,workbench,org.eclipse.ui.workbench,3.7.0.I20110519-0100,"",1367679574156
activated,view,org.eclipse.ui.console,3.5.100.v20110511,"org.eclipse.ui.console.ConsoleView",1367679574171
deactivated,workbench,org.eclipse.ui.workbench,3.7.0.I20110519-0100,"",1367679578687
activated,workbench,org.eclipse.ui.workbench,3.7.0.I20110519-0100,"",1367679578687
deactivated,workbench,org.eclipse.ui.workbench,3.7.0.I20110519-0100,"",1367679578796
activated,workbench,org.eclipse.ui.workbench,3.7.0.I20110519-0100,"",1367679585109
activated,editor,org.eclipse.wb.core.ui,,"org.eclipse.wb.core.guiEditor",1367679587671
executed,command,org.eclipse.ui,3.7.0.I20110602-0100,"org.eclipse.ui.file.save",1367679601187
deactivated,workbench,org.eclipse.ui.workbench,3.7.0.I20110519-0100,"",1367679602531
activated,workbench,org.eclipse.ui.workbench,3.7.0.I20110519-0100,"",1367679602546
deactivated,workbench,org.eclipse.ui.workbench,3.7.0.I20110519-0100,"",1367679602640
activated,workbench,org.eclipse.ui.workbench,3.7.0.I20110519-0100,"",1367679603750
deactivated,workbench,org.eclipse.ui.workbench,3.7.0.I20110519-0100,"",1367679605046
activated,workbench,org.eclipse.ui.workbench,3.7.0.I20110519-0100,"",1367679662062
executed,command,org.eclipse.ui,3.7.0.I20110602-0100,"org.eclipse.ui.edit.copy",1367679707218
executed,command,org.eclipse.ui,3.7.0.I20110602-0100,"org.eclipse.ui.edit.paste",1367679708343
executed,command,org.eclipse.ui,3.7.0.I20110602-0100,"org.eclipse.ui.file.save",1367679715984
deactivated,workbench,org.eclipse.ui.workbench,3.7.0.I20110519-0100,"",1367679717937
activated,workbench,org.eclipse.ui.workbench,3.7.0.I20110519-0100,"",1367680122328
deactivated,workbench,org.eclipse.ui.workbench,3.7.0.I20110519-0100,"",1367680123421
activated,workbench,org.eclipse.ui.workbench,3.7.0.I20110519-0100,"",1367680128671
deactivated,workbench,org.eclipse.ui.workbench,3.7.0.I20110519-0100,"",1367680139343
executed,command,org.eclipse.ui,3.7.0.I20110602-0100,"org.eclipse.ui.edit.findReplace",1367680139359
activated,workbench,org.eclipse.ui.workbench,3.7.0.I20110519-0100,"",1367680150437
executed,command,org.eclipse.ui.workbench.texteditor,3.7.0.v20110505-0800,"org.eclipse.ui.edit.text.goto.lineEnd",1367680151171
executed,command,org.eclipse.ui,3.7.0.I20110602-0100,"org.eclipse.ui.edit.cut",1367680166000
executed,command,org.eclipse.ui,3.7.0.I20110602-0100,"org.eclipse.ui.edit.paste",1367680167125
executed,command,org.eclipse.ui.workbench.texteditor,3.7.0.v20110505-0800,"org.eclipse.ui.edit.text.goto.lineEnd",1367680173031
executed,command,org.eclipse.jdt.ui,3.7.1.r371_v20110824-0800,"org.eclipse.jdt.ui.edit.text.java.format",1367680176125
executed,command,org.eclipse.ui.workbench.texteditor,3.7.0.v20110505-0800,"org.eclipse.ui.edit.text.goto.lineEnd",1367680179359
executed,command,org.eclipse.ui.workbench.texteditor,3.7.0.v20110505-0800,"org.eclipse.ui.edit.text.goto.lineStart",1367680199531
executed,command,org.eclipse.ui.workbench.texteditor,3.7.0.v20110505-0800,"org.eclipse.ui.edit.text.goto.lineEnd",1367680200078
deactivated,workbench,org.eclipse.ui.workbench,3.7.0.I20110519-0100,"",1367680209453
activated,workbench,org.eclipse.ui.workbench,3.7.0.I20110519-0100,"",1367680209453
deactivated,workbench,org.eclipse.ui.workbench,3.7.0.I20110519-0100,"",1367680209562
activated,workbench,org.eclipse.ui.workbench,3.7.0.I20110519-0100,"",1367680276343
executed,command,org.eclipse.ui,3.7.0.I20110602-0100,"org.eclipse.ui.edit.paste",1367680277687
deactivated,workbench,org.eclipse.ui.workbench,3.7.0.I20110519-0100,"",1367680280562
activated,workbench,org.eclipse.ui.workbench,3.7.0.I20110519-0100,"",1367680285375
executed,command,org.eclipse.ui,3.7.0.I20110602-0100,"org.eclipse.ui.edit.paste",1367680286046
executed,command,org.eclipse.ui,3.7.0.I20110602-0100,"org.eclipse.ui.edit.copy",1367680295843
executed,command,org.eclipse.ui,3.7.0.I20110602-0100,"org.eclipse.ui.edit.paste",1367680296828
executed,command,org.eclipse.ui.workbench.texteditor,3.7.0.v20110505-0800,"org.eclipse.ui.edit.text.goto.lineEnd",1367680312390
deactivated,workbench,org.eclipse.ui.workbench,3.7.0.I20110519-0100,"",1367680341562
activated,workbench,org.eclipse.ui.workbench,3.7.0.I20110519-0100,"",1367680341703
executed,command,org.eclipse.ui,3.7.0.I20110602-0100,"org.eclipse.ui.edit.delete",1367680348500
executed,command,org.eclipse.ui,3.7.0.I20110602-0100,"org.eclipse.ui.edit.cut",1367680351718
executed,command,org.eclipse.ui,3.7.0.I20110602-0100,"org.eclipse.ui.edit.paste",1367680352515
executed,command,org.eclipse.ui,3.7.0.I20110602-0100,"org.eclipse.ui.edit.cut",1367680357343
executed,command,org.eclipse.ui,3.7.0.I20110602-0100,"org.eclipse.ui.edit.paste",1367680358156
executed,command,org.eclipse.ui.workbench.texteditor,3.7.0.v20110505-0800,"org.eclipse.ui.edit.text.goto.lineEnd",1367680360609
executed,command,org.eclipse.ui,3.7.0.I20110602-0100,"org.eclipse.ui.edit.copy",1367680368671
executed,command,org.eclipse.ui,3.7.0.I20110602-0100,"org.eclipse.ui.edit.paste",1367680369578
executed,command,org.eclipse.ui.workbench.texteditor,3.7.0.v20110505-0800,"org.eclipse.ui.edit.text.goto.lineEnd",1367680372515
executed,command,org.eclipse.ui.workbench.texteditor,3.7.0.v20110505-0800,"org.eclipse.ui.edit.text.goto.lineEnd",1367680376343
executed,command,org.eclipse.ui,3.7.0.I20110602-0100,"org.eclipse.ui.edit.copy",1367680385171
executed,command,org.eclipse.ui,3.7.0.I20110602-0100,"org.eclipse.ui.edit.paste",1367680385843
executed,command,org.eclipse.ui,3.7.0.I20110602-0100,"org.eclipse.ui.edit.copy",1367680407625
executed,command,org.eclipse.ui,3.7.0.I20110602-0100,"org.eclipse.ui.edit.paste",1367680408312
executed,command,org.eclipse.ui.workbench.texteditor,3.7.0.v20110505-0800,"org.eclipse.ui.edit.text.goto.lineEnd",1367680419937
executed,command,org.eclipse.jdt.ui,3.7.1.r371_v20110824-0800,"org.eclipse.jdt.ui.edit.text.java.format",1367680422015
executed,command,org.eclipse.ui,3.7.0.I20110602-0100,"org.eclipse.ui.file.save",1367680422843
executed,command,org.eclipse.jdt.ui,3.7.1.r371_v20110824-0800,"org.eclipse.jdt.ui.edit.text.java.format",1367680430812
executed,command,org.eclipse.jdt.ui,3.7.1.r371_v20110824-0800,"org.eclipse.jdt.ui.edit.text.java.organize.imports",1367680434062
executed,command,org.eclipse.ui,3.7.0.I20110602-0100,"org.eclipse.ui.file.save",1367680435250
deactivated,workbench,org.eclipse.ui.workbench,3.7.0.I20110519-0100,"",1367680438125
activated,workbench,org.eclipse.ui.workbench,3.7.0.I20110519-0100,"",1367680467421
deactivated,workbench,org.eclipse.ui.workbench,3.7.0.I20110519-0100,"",1367680467859
activated,workbench,org.eclipse.ui.workbench,3.7.0.I20110519-0100,"",1367680467875
deactivated,workbench,org.eclipse.ui.workbench,3.7.0.I20110519-0100,"",1367680469578
deactivated,workbench,org.eclipse.ui.workbench,3.7.0.I20110519-0100,"",1367680473750
activated,workbench,org.eclipse.ui.workbench,3.7.0.I20110519-0100,"",1367680573781
executed,command,org.eclipse.ui,3.7.0.I20110602-0100,"org.eclipse.ui.edit.delete",1367680591296
executed,command,org.eclipse.ui,3.7.0.I20110602-0100,"org.eclipse.ui.edit.copy",1367680615984
deactivated,workbench,org.eclipse.ui.workbench,3.7.0.I20110519-0100,"",1367680616234
executed,command,org.eclipse.ui,3.7.0.I20110602-0100,"org.eclipse.ui.edit.findReplace",1367680616250
executed,command,org.eclipse.ui,3.7.0.I20110602-0100,"org.eclipse.ui.edit.paste",1367680616515
activated,workbench,org.eclipse.ui.workbench,3.7.0.I20110519-0100,"",1367680626625
executed,command,org.eclipse.ui,3.7.0.I20110602-0100,"org.eclipse.ui.edit.copy",1367680629078
executed,command,org.eclipse.ui,3.7.0.I20110602-0100,"org.eclipse.ui.edit.paste",1367680638390
executed,command,org.eclipse.ui.workbench.texteditor,3.7.0.v20110505-0800,"org.eclipse.ui.edit.text.select.lineEnd",1367680694187
executed,command,org.eclipse.ui,3.7.0.I20110602-0100,"org.eclipse.ui.edit.copy",1367680757640
executed,command,org.eclipse.ui,3.7.0.I20110602-0100,"org.eclipse.ui.edit.paste",1367680759640
executed,command,org.eclipse.jdt.ui,3.7.1.r371_v20110824-0800,"org.eclipse.jdt.ui.edit.text.java.format",1367680761703
executed,command,org.eclipse.ui,3.7.0.I20110602-0100,"org.eclipse.ui.file.save",1367680762671
deactivated,workbench,org.eclipse.ui.workbench,3.7.0.I20110519-0100,"",1367680769343
activated,workbench,org.eclipse.ui.workbench,3.7.0.I20110519-0100,"",1367680800078
deactivated,workbench,org.eclipse.ui.workbench,3.7.0.I20110519-0100,"",1367680800625
activated,workbench,org.eclipse.ui.workbench,3.7.0.I20110519-0100,"",1367680800625
deactivated,workbench,org.eclipse.ui.workbench,3.7.0.I20110519-0100,"",1367680802468
deactivated,workbench,org.eclipse.ui.workbench,3.7.0.I20110519-0100,"",1367680917203
activated,workbench,org.eclipse.ui.workbench,3.7.0.I20110519-0100,"",1367680933859
deactivated,workbench,org.eclipse.ui.workbench,3.7.0.I20110519-0100,"",1367680962781
activated,workbench,org.eclipse.ui.workbench,3.7.0.I20110519-0100,"",1367680962781
deactivated,workbench,org.eclipse.ui.workbench,3.7.0.I20110519-0100,"",1367680963531
activated,workbench,org.eclipse.ui.workbench,3.7.0.I20110519-0100,"",1367680963953
deactivated,workbench,org.eclipse.ui.workbench,3.7.0.I20110519-0100,"",1367680964828
activated,workbench,org.eclipse.ui.workbench,3.7.0.I20110519-0100,"",1367680966375
deactivated,workbench,org.eclipse.ui.workbench,3.7.0.I20110519-0100,"",1367680967171
activated,workbench,org.eclipse.ui.workbench,3.7.0.I20110519-0100,"",1367680968796
deactivated,workbench,org.eclipse.ui.workbench,3.7.0.I20110519-0100,"",1367680969890
activated,workbench,org.eclipse.ui.workbench,3.7.0.I20110519-0100,"",1367680971828
activated,editor,org.eclipse.jdt.ui,3.7.1.r371_v20110824-0800,"org.eclipse.jdt.ui.CompilationUnitEditor",1367680995734
activated,editor,org.eclipse.wb.core.ui,,"org.eclipse.wb.core.guiEditor",1367680996375
deactivated,workbench,org.eclipse.ui.workbench,3.7.0.I20110519-0100,"",1367681602031
activated,workbench,org.eclipse.ui.workbench,3.7.0.I20110519-0100,"",1367691194500
deactivated,workbench,org.eclipse.ui.workbench,3.7.0.I20110519-0100,"",1367691212578
activated,workbench,org.eclipse.ui.workbench,3.7.0.I20110519-0100,"",1367691213093
deactivated,workbench,org.eclipse.ui.workbench,3.7.0.I20110519-0100,"",1367691246359
activated,workbench,org.eclipse.ui.workbench,3.7.0.I20110519-0100,"",1367691246359
deactivated,workbench,org.eclipse.ui.workbench,3.7.0.I20110519-0100,"",1367691246515
activated,workbench,org.eclipse.ui.workbench,3.7.0.I20110519-0100,"",1367691257562
executed,command,org.eclipse.jdt.ui,3.7.1.r371_v20110824-0800,"org.eclipse.jdt.ui.edit.text.java.format",1367691350078
executed,command,org.eclipse.ui,3.7.0.I20110602-0100,"org.eclipse.ui.file.save",1367691352406
deactivated,workbench,org.eclipse.ui.workbench,3.7.0.I20110519-0100,"",1367691376500
activated,workbench,org.eclipse.ui.workbench,3.7.0.I20110519-0100,"",1367691376500
deactivated,workbench,org.eclipse.ui.workbench,3.7.0.I20110519-0100,"",1367691376625
activated,workbench,org.eclipse.ui.workbench,3.7.0.I20110519-0100,"",1367691648281
deactivated,workbench,org.eclipse.ui.workbench,3.7.0.I20110519-0100,"",1367691650531
activated,workbench,org.eclipse.ui.workbench,3.7.0.I20110519-0100,"",1367691873000
executed,command,org.eclipse.ui,3.7.0.I20110602-0100,"org.eclipse.ui.edit.paste",1367691877750
deactivated,workbench,org.eclipse.ui.workbench,3.7.0.I20110519-0100,"",1367691879171
activated,workbench,org.eclipse.ui.workbench,3.7.0.I20110519-0100,"",1367691879671
deactivated,workbench,org.eclipse.ui.workbench,3.7.0.I20110519-0100,"",1367691891281
executed,command,org.eclipse.ui,3.7.0.I20110602-0100,"org.eclipse.ui.edit.findReplace",1367691891296
activated,workbench,org.eclipse.ui.workbench,3.7.0.I20110519-0100,"",1367691908156
executed,command,org.eclipse.ui,3.7.0.I20110602-0100,"org.eclipse.ui.edit.copy",1367691910796
executed,command,org.eclipse.ui,3.7.0.I20110602-0100,"org.eclipse.ui.edit.paste",1367691919421
executed,command,org.eclipse.ui.workbench.texteditor,3.7.0.v20110505-0800,"org.eclipse.ui.edit.text.goto.lineEnd",1367691923265
executed,command,org.eclipse.ui,3.7.0.I20110602-0100,"org.eclipse.ui.edit.delete",1367691937546
executed,command,org.eclipse.ui,3.7.0.I20110602-0100,"org.eclipse.ui.edit.delete",1367691973171
executed,command,org.eclipse.ui,3.7.0.I20110602-0100,"org.eclipse.ui.edit.copy",1367691979937
executed,command,org.eclipse.ui,3.7.0.I20110602-0100,"org.eclipse.ui.edit.paste",1367691981968
executed,command,org.eclipse.ui,3.7.0.I20110602-0100,"org.eclipse.ui.edit.delete",1367691996515
executed,command,org.eclipse.ui,3.7.0.I20110602-0100,"org.eclipse.ui.edit.delete",1367691997875
executed,command,org.eclipse.ui,3.7.0.I20110602-0100,"org.eclipse.ui.edit.delete",1367691998937
deactivated,workbench,org.eclipse.ui.workbench,3.7.0.I20110519-0100,"",1367692012640
activated,workbench,org.eclipse.ui.workbench,3.7.0.I20110519-0100,"",1367692012656
deactivated,workbench,org.eclipse.ui.workbench,3.7.0.I20110519-0100,"",1367692012796
activated,workbench,org.eclipse.ui.workbench,3.7.0.I20110519-0100,"",1367692029687
executed,command,org.eclipse.ui,3.7.0.I20110602-0100,"org.eclipse.ui.edit.copy",1367692202125
executed,command,org.eclipse.jdt.ui,3.7.1.r371_v20110824-0800,"org.eclipse.jdt.ui.edit.text.java.format",1367692249562
executed,command,org.eclipse.ui.workbench.texteditor,3.7.0.v20110505-0800,"org.eclipse.ui.edit.text.goto.lineEnd",1367692258609
executed,command,org.eclipse.ui,3.7.0.I20110602-0100,"org.eclipse.ui.edit.delete",1367692269265
executed,command,org.eclipse.ui,3.7.0.I20110602-0100,"org.eclipse.ui.edit.paste",1367692275000
executed,command,org.eclipse.ui,3.7.0.I20110602-0100,"org.eclipse.ui.edit.copy",1367692285078
executed,command,org.eclipse.ui,3.7.0.I20110602-0100,"org.eclipse.ui.edit.paste",1367692285921
executed,command,org.eclipse.ui,3.7.0.I20110602-0100,"org.eclipse.ui.edit.paste",1367692289562
executed,command,org.eclipse.ui,3.7.0.I20110602-0100,"org.eclipse.ui.edit.copy",1367692292562
executed,command,org.eclipse.ui,3.7.0.I20110602-0100,"org.eclipse.ui.edit.paste",1367692293437
executed,command,org.eclipse.ui.workbench.texteditor,3.7.0.v20110505-0800,"org.eclipse.ui.edit.text.goto.lineEnd",1367692294875
executed,command,org.eclipse.ui,3.7.0.I20110602-0100,"org.eclipse.ui.edit.copy",1367692300875
executed,command,org.eclipse.ui,3.7.0.I20110602-0100,"org.eclipse.ui.edit.paste",1367692301656
executed,command,org.eclipse.ui,3.7.0.I20110602-0100,"org.eclipse.ui.edit.delete",1367692304390
executed,command,org.eclipse.ui,3.7.0.I20110602-0100,"org.eclipse.ui.edit.delete",1367692306156
executed,command,org.eclipse.ui,3.7.0.I20110602-0100,"org.eclipse.ui.file.save",1367692336453
deactivated,workbench,org.eclipse.ui.workbench,3.7.0.I20110519-0100,"",1367692338609
activated,workbench,org.eclipse.ui.workbench,3.7.0.I20110519-0100,"",1367692360734
executed,command,org.eclipse.ui,3.7.0.I20110602-0100,"org.eclipse.ui.edit.copy",1367692363953
executed,command,org.eclipse.ui,3.7.0.I20110602-0100,"org.eclipse.ui.edit.copy",1367692382687
executed,command,org.eclipse.ui,3.7.0.I20110602-0100,"org.eclipse.ui.edit.paste",1367692385171
executed,command,org.eclipse.ui,3.7.0.I20110602-0100,"org.eclipse.ui.file.save",1367692413265
deactivated,workbench,org.eclipse.ui.workbench,3.7.0.I20110519-0100,"",1367692414359
activated,workbench,org.eclipse.ui.workbench,3.7.0.I20110519-0100,"",1367692416703
deactivated,workbench,org.eclipse.ui.workbench,3.7.0.I20110519-0100,"",1367692417343
activated,workbench,org.eclipse.ui.workbench,3.7.0.I20110519-0100,"",1367692436765
executed,command,org.eclipse.ui,3.7.0.I20110602-0100,"org.eclipse.ui.edit.delete",1367692444468
executed,command,org.eclipse.ui,3.7.0.I20110602-0100,"org.eclipse.ui.file.save",1367692450687
deactivated,workbench,org.eclipse.ui.workbench,3.7.0.I20110519-0100,"",1367692453031
activated,workbench,org.eclipse.ui.workbench,3.7.0.I20110519-0100,"",1367692465531
executed,command,org.eclipse.ui,3.7.0.I20110602-0100,"org.eclipse.ui.file.save",1367692471156
deactivated,workbench,org.eclipse.ui.workbench,3.7.0.I20110519-0100,"",1367692477046
activated,workbench,org.eclipse.ui.workbench,3.7.0.I20110519-0100,"",1367692487593
deactivated,workbench,org.eclipse.ui.workbench,3.7.0.I20110519-0100,"",1367692488359
activated,workbench,org.eclipse.ui.workbench,3.7.0.I20110519-0100,"",1367692493234
executed,command,org.eclipse.ui,3.7.0.I20110602-0100,"org.eclipse.ui.edit.delete",1367692501609
executed,command,org.eclipse.ui,3.7.0.I20110602-0100,"org.eclipse.ui.file.save",1367692502796
deactivated,workbench,org.eclipse.ui.workbench,3.7.0.I20110519-0100,"",1367692504531
activated,workbench,org.eclipse.ui.workbench,3.7.0.I20110519-0100,"",1367692513937
executed,command,org.eclipse.ui,3.7.0.I20110602-0100,"org.eclipse.ui.edit.delete",1367692517593
executed,command,org.eclipse.ui.workbench.texteditor,3.7.0.v20110505-0800,"org.eclipse.ui.edit.text.goto.lineEnd",1367692519265
executed,command,org.eclipse.ui,3.7.0.I20110602-0100,"org.eclipse.ui.file.save",1367692541968
deactivated,workbench,org.eclipse.ui.workbench,3.7.0.I20110519-0100,"",1367692544031
activated,workbench,org.eclipse.ui.workbench,3.7.0.I20110519-0100,"",1367692552093
executed,command,org.eclipse.ui.workbench.texteditor,3.7.0.v20110505-0800,"org.eclipse.ui.edit.text.goto.lineEnd",1367693055031
executed,command,org.eclipse.ui,3.7.0.I20110602-0100,"org.eclipse.ui.edit.cut",1367693058000
executed,command,org.eclipse.ui,3.7.0.I20110602-0100,"org.eclipse.ui.edit.paste",1367693060187
executed,command,org.eclipse.ui,3.7.0.I20110602-0100,"org.eclipse.ui.edit.copy",1367693063828
executed,command,org.eclipse.ui,3.7.0.I20110602-0100,"org.eclipse.ui.edit.paste",1367693065062
executed,command,org.eclipse.ui,3.7.0.I20110602-0100,"org.eclipse.ui.file.save",1367693065906
deactivated,workbench,org.eclipse.ui.workbench,3.7.0.I20110519-0100,"",1367693067671
activated,workbench,org.eclipse.ui.workbench,3.7.0.I20110519-0100,"",1367693080187
deactivated,workbench,org.eclipse.ui.workbench,3.7.0.I20110519-0100,"",1367693134203
activated,workbench,org.eclipse.ui.workbench,3.7.0.I20110519-0100,"",1367693134328
executed,command,org.eclipse.ui,3.7.0.I20110602-0100,"org.eclipse.ui.file.save",1367693140625
deactivated,workbench,org.eclipse.ui.workbench,3.7.0.I20110519-0100,"",1367693142453
activated,workbench,org.eclipse.ui.workbench,3.7.0.I20110519-0100,"",1367693155390
deactivated,workbench,org.eclipse.ui.workbench,3.7.0.I20110519-0100,"",1367693156812
activated,workbench,org.eclipse.ui.workbench,3.7.0.I20110519-0100,"",1367693156812
deactivated,workbench,org.eclipse.ui.workbench,3.7.0.I20110519-0100,"",1367693156937
activated,workbench,org.eclipse.ui.workbench,3.7.0.I20110519-0100,"",1367693168828
deactivated,workbench,org.eclipse.ui.workbench,3.7.0.I20110519-0100,"",1367693170843
activated,workbench,org.eclipse.ui.workbench,3.7.0.I20110519-0100,"",1367693188031
deactivated,workbench,org.eclipse.ui.workbench,3.7.0.I20110519-0100,"",1367693189296
activated,workbench,org.eclipse.ui.workbench,3.7.0.I20110519-0100,"",1367694186312
activated,view,org.eclipse.jdt.ui,3.7.1.r371_v20110824-0800,"org.eclipse.jdt.ui.PackageExplorer",1367694186328
deactivated,workbench,org.eclipse.ui.workbench,3.7.0.I20110519-0100,"",1367694257531
activated,workbench,org.eclipse.ui.workbench,3.7.0.I20110519-0100,"",1367694313562
activated,editor,org.eclipse.wb.core.ui,,"org.eclipse.wb.core.guiEditor",1367694316031
executed,command,org.eclipse.ui.workbench.texteditor,3.7.0.v20110505-0800,"org.eclipse.ui.edit.text.goto.lineEnd",1367694338531
executed,command,org.eclipse.ui.workbench.texteditor,3.7.0.v20110505-0800,"org.eclipse.ui.edit.text.goto.lineEnd",1367694338796
executed,command,org.eclipse.ui.workbench.texteditor,3.7.0.v20110505-0800,"org.eclipse.ui.edit.text.goto.lineEnd",1367694339078
executed,command,org.eclipse.ui.workbench.texteditor,3.7.0.v20110505-0800,"org.eclipse.ui.edit.text.goto.lineEnd",1367694339281
executed,command,org.eclipse.ui.workbench.texteditor,3.7.0.v20110505-0800,"org.eclipse.ui.edit.text.goto.lineEnd",1367694339562
executed,command,org.eclipse.ui.workbench.texteditor,3.7.0.v20110505-0800,"org.eclipse.ui.edit.text.goto.lineEnd",1367694339781
executed,command,org.eclipse.ui.workbench.texteditor,3.7.0.v20110505-0800,"org.eclipse.ui.edit.text.goto.lineEnd",1367694339984
executed,command,org.eclipse.ui.workbench.texteditor,3.7.0.v20110505-0800,"org.eclipse.ui.edit.text.goto.lineEnd",1367694340203
executed,command,org.eclipse.ui.workbench.texteditor,3.7.0.v20110505-0800,"org.eclipse.ui.edit.text.goto.lineEnd",1367694340390
executed,command,org.eclipse.ui.workbench.texteditor,3.7.0.v20110505-0800,"org.eclipse.ui.edit.text.goto.lineEnd",1367694340593
executed,command,org.eclipse.ui.workbench.texteditor,3.7.0.v20110505-0800,"org.eclipse.ui.edit.text.goto.lineEnd",1367694340796
executed,command,org.eclipse.ui.workbench.texteditor,3.7.0.v20110505-0800,"org.eclipse.ui.edit.text.goto.lineEnd",1367694341843
executed,command,org.eclipse.ui.workbench.texteditor,3.7.0.v20110505-0800,"org.eclipse.ui.edit.text.goto.lineEnd",1367694342109
executed,command,org.eclipse.ui.workbench.texteditor,3.7.0.v20110505-0800,"org.eclipse.ui.edit.text.goto.lineEnd",1367694342328
executed,command,org.eclipse.ui.workbench.texteditor,3.7.0.v20110505-0800,"org.eclipse.ui.edit.text.goto.lineEnd",1367694342984
executed,command,org.eclipse.ui.workbench.texteditor,3.7.0.v20110505-0800,"org.eclipse.ui.edit.text.goto.lineEnd",1367694343937
executed,command,org.eclipse.ui.workbench.texteditor,3.7.0.v20110505-0800,"org.eclipse.ui.edit.text.goto.lineEnd",1367694344453
executed,command,org.eclipse.jdt.ui,3.7.1.r371_v20110824-0800,"org.eclipse.jdt.ui.edit.text.java.format",1367694350453
executed,command,org.eclipse.ui,3.7.0.I20110602-0100,"org.eclipse.ui.file.save",1367694352046
executed,command,org.eclipse.ui.workbench.texteditor,3.7.0.v20110505-0800,"org.eclipse.ui.edit.text.goto.lineEnd",1367694361281
executed,command,org.eclipse.ui.workbench.texteditor,3.7.0.v20110505-0800,"org.eclipse.ui.edit.text.goto.lineEnd",1367694361687
executed,command,org.eclipse.ui.workbench.texteditor,3.7.0.v20110505-0800,"org.eclipse.ui.edit.text.goto.lineEnd",1367694361953
executed,command,org.eclipse.ui.workbench.texteditor,3.7.0.v20110505-0800,"org.eclipse.ui.edit.text.goto.lineEnd",1367694362562
